{
  "nominal_voltage": 479.7393279061142,
  "transformer_name": "T15.Fillet",
  "transformer_capacity": 2500.0,
  "voltage_avg": 481.07379057066527,
  "min_voltage": 384.6198506,
  "max_voltage": 504.3748689,
  "voltage_std": 9.767237751687945,
  "voltage_spread": 119.75501830000002,
  "power_factor": 0.828308323153083,
  "vhi_avg": 1.0027816411682893,
  "vhi_max": 1.1982732533546412,
  "vhi_high_events": 16,
  "voltage_dip_count": 41746,
  "pct_below_nominal": 50.73481687528976,
  "estimated_running_amps": 1461.2149592916428,
  "vhi_threshold": 5.0,
  "lrc_multiplier": 6.0,
  "data_resolution": "1minRES",
  "field_efficiency": 0.92,
  "time_period_hours": 744,
  "analysis_period": "",
  "file_name": "AN53110845-V-1minRES_44696CLP_251101-251130zth.csv",
  "csv_file_path": "/Users/mdhowell/eeclips/CherryAve/SITE2025/11_NOV2025/AN53110845-V-1minRES_44696CLP_251101-251130zth.csv",
  "drop_groups": [
    {
      "id": "G1",
      "group_id": "G1",
      "drop_count": 41713,
      "voltage_range": "463.5-477.3V",
      "amp_range": "283.1-2049.6A",
      "delta_v": 23.8,
      "est_stall_amps": 345.0,
      "estimated_hp": 230,
      "classification": "SIGNIFICANT",
      "risk": "SIGNIFICANT",
      "days": 25,
      "center_v": 470.38364795,
      "min_v": 463.45805,
      "max_v": 477.3092459,
      "avg_amps": 1461.2149592916428,
      "lrc_factor": 6.0,
      "power_factor": 0.828308323153083,
      "efficiency": 0.92
    },
    {
      "id": "G2",
      "group_id": "G2",
      "drop_count": 14,
      "voltage_range": "414.8-422.7V",
      "amp_range": "317.7-1575.2A",
      "delta_v": 78.9,
      "est_stall_amps": 180.0,
      "estimated_hp": 120,
      "classification": "CRITICAL",
      "risk": "CRITICAL",
      "days": 10,
      "center_v": 418.75455385,
      "min_v": 414.8325667,
      "max_v": 422.676541,
      "avg_amps": 1210.9224702,
      "lrc_factor": 6.0,
      "power_factor": 0.828308323153083,
      "efficiency": 0.92
    },
    {
      "id": "G3",
      "group_id": "G3",
      "drop_count": 4,
      "voltage_range": "410.3-412.6V",
      "amp_range": "1142.5-1609.9A",
      "delta_v": 85.8,
      "est_stall_amps": 210.0,
      "estimated_hp": 140,
      "classification": "EXTREME",
      "risk": "EXTREME",
      "days": 3,
      "center_v": 411.45455455,
      "min_v": 410.3283222,
      "max_v": 412.5807869,
      "avg_amps": 1336.8093925,
      "lrc_factor": 6.0,
      "power_factor": 0.828308323153083,
      "efficiency": 0.92
    },
    {
      "id": "G4",
      "group_id": "G4",
      "drop_count": 4,
      "voltage_range": "433.5-436.9V",
      "amp_range": "285.8-1606.2A",
      "delta_v": 62.0,
      "est_stall_amps": 120.0,
      "estimated_hp": 80,
      "classification": "CRITICAL",
      "risk": "CRITICAL",
      "days": 4,
      "center_v": 435.2175,
      "min_v": 433.5404754,
      "max_v": 436.8945246,
      "avg_amps": 735.88082595,
      "lrc_factor": 6.0,
      "power_factor": 0.828308323153083,
      "efficiency": 0.92
    },
    {
      "id": "G5",
      "group_id": "G5",
      "drop_count": 3,
      "voltage_range": "424.7-428.2V",
      "amp_range": "748.2-1359.6A",
      "delta_v": 70.8,
      "est_stall_amps": 195.0,
      "estimated_hp": 130,
      "classification": "CRITICAL",
      "risk": "CRITICAL",
      "days": 2,
      "center_v": 426.47359835,
      "min_v": 424.7250492,
      "max_v": 428.2221475,
      "avg_amps": 1145.1684152999999,
      "lrc_factor": 6.0,
      "power_factor": 0.828308323153083,
      "efficiency": 0.92
    },
    {
      "id": "G6",
      "group_id": "G6",
      "drop_count": 2,
      "voltage_range": "405.6-407.0V",
      "amp_range": "1225.7-1498.0A",
      "delta_v": 90.9,
      "est_stall_amps": 210.0,
      "estimated_hp": 140,
      "classification": "EXTREME",
      "risk": "EXTREME",
      "days": 2,
      "center_v": 406.29975879999995,
      "min_v": 405.5711176,
      "max_v": 407.0284,
      "avg_amps": 1361.8305705,
      "lrc_factor": 6.0,
      "power_factor": 0.828308323153083,
      "efficiency": 0.92
    },
    {
      "id": "G7",
      "group_id": "G7",
      "drop_count": 1,
      "voltage_range": "384.6-384.6V",
      "amp_range": "1124.4-1124.4A",
      "delta_v": 112.6,
      "est_stall_amps": 165.0,
      "estimated_hp": 110,
      "classification": "EXTREME",
      "risk": "EXTREME",
      "days": 1,
      "center_v": 384.6198506,
      "min_v": 384.6198506,
      "max_v": 384.6198506,
      "avg_amps": 1124.432023,
      "lrc_factor": 6.0,
      "power_factor": 0.828308323153083,
      "efficiency": 0.92
    },
    {
      "id": "G8",
      "group_id": "G8",
      "drop_count": 1,
      "voltage_range": "398.2-398.2V",
      "amp_range": "1005.3-1005.3A",
      "delta_v": 99.0,
      "est_stall_amps": 150.0,
      "estimated_hp": 100,
      "classification": "EXTREME",
      "risk": "EXTREME",
      "days": 1,
      "center_v": 398.1597831,
      "min_v": 398.1597831,
      "max_v": 398.1597831,
      "avg_amps": 1005.265253,
      "lrc_factor": 6.0,
      "power_factor": 0.828308323153083,
      "efficiency": 0.92
    },
    {
      "id": "G9",
      "group_id": "G9",
      "drop_count": 1,
      "voltage_range": "430.6-430.6V",
      "amp_range": "1272.3-1272.3A",
      "delta_v": 66.6,
      "est_stall_amps": 210.0,
      "estimated_hp": 140,
      "classification": "CRITICAL",
      "risk": "CRITICAL",
      "days": 1,
      "center_v": 430.5888193,
      "min_v": 430.5888193,
      "max_v": 430.5888193,
      "avg_amps": 1272.342759,
      "lrc_factor": 6.0,
      "power_factor": 0.828308323153083,
      "efficiency": 0.92
    },
    {
      "id": "G10",
      "group_id": "G10",
      "drop_count": 1,
      "voltage_range": "439.2-439.2V",
      "amp_range": "246.0-246.0A",
      "delta_v": 58.0,
      "est_stall_amps": 30.0,
      "estimated_hp": 20,
      "classification": "CRITICAL",
      "risk": "CRITICAL",
      "days": 1,
      "center_v": 439.1793667,
      "min_v": 439.1793667,
      "max_v": 439.1793667,
      "avg_amps": 245.9514667,
      "lrc_factor": 6.0,
      "power_factor": 0.828308323153083,
      "efficiency": 0.92
    },
    {
      "id": "G11",
      "group_id": "G11",
      "drop_count": 1,
      "voltage_range": "442.2-442.2V",
      "amp_range": "293.2-293.2A",
      "delta_v": 55.0,
      "est_stall_amps": 45.0,
      "estimated_hp": 30,
      "classification": "CRITICAL",
      "risk": "CRITICAL",
      "days": 1,
      "center_v": 442.2340602,
      "min_v": 442.2340602,
      "max_v": 442.2340602,
      "avg_amps": 293.1849759,
      "lrc_factor": 6.0,
      "power_factor": 0.828308323153083,
      "efficiency": 0.92
    },
    {
      "id": "G12",
      "group_id": "G12",
      "drop_count": 1,
      "voltage_range": "457.9-457.9V",
      "amp_range": "599.4-599.4A",
      "delta_v": 39.3,
      "est_stall_amps": 105.0,
      "estimated_hp": 70,
      "classification": "SIGNIFICANT",
      "risk": "SIGNIFICANT",
      "days": 1,
      "center_v": 457.8740645,
      "min_v": 457.8740645,
      "max_v": 457.8740645,
      "avg_amps": 599.3543548,
      "lrc_factor": 6.0,
      "power_factor": 0.828308323153083,
      "efficiency": 0.92
    }
  ],
  "voltage_center": 470.38364795,
  "delta_v_primary": 23.8
}