{
  "nominal_voltage": 480.60381611783146,
  "transformer_name": "NCDC2 South D",
  "transformer_capacity": 3000.0,
  "voltage_avg": 480.72227366734637,
  "min_voltage": 462.448,
  "max_voltage": 499.517,
  "voltage_std": 1.7893451567483603,
  "voltage_spread": 37.06900000000002,
  "power_factor": 0.9027684002894559,
  "vhi_avg": 1.0002464765063077,
  "vhi_max": 1.0393529623525326,
  "vhi_high_events": 0,
  "voltage_dip_count": 0,
  "pct_below_nominal": 33.140362753565675,
  "estimated_running_amps": 770.3097084082262,
  "vhi_threshold": 5.0,
  "lrc_multiplier": 6.0,
  "data_resolution": "1minRES",
  "field_efficiency": 0.92,
  "time_period_hours": 744,
  "analysis_period": "",
  "file_name": "AN55050318-V-1minRES_44640CLP_260101-260131c.csv",
  "csv_file_path": "/Users/mdhowell/eeclips/FosterFarms/Livingston/aSITE2026/01_JAN2026/NCDC/AN55050318-V-1minRES_44640CLP_260101-260131c.csv",
  "drop_groups": [
    {
      "id": "G1",
      "group_id": "G1",
      "drop_count": 0,
      "voltage_range": "462.4-499.5V",
      "amp_range": "501.2-1102.9A",
      "delta_v": 0.11845754951491472,
      "est_stall_amps": 770.3097084082262,
      "estimated_hp": 672,
      "classification": "Normal",
      "risk": "Normal",
      "days": 31,
      "center_v": 480.72227366734637,
      "min_v": 462.448,
      "max_v": 499.517,
      "avg_amps": 770.3097084082262,
      "lrc_factor": 6.0,
      "power_factor": 0.9027684002894559,
      "efficiency": 0.92
    }
  ],
  "voltage_center": 480.72227366734637,
  "delta_v_primary": 0.11845754951491472
}