{
  "nominal_voltage": 481.04244725582447,
  "transformer_name": "NCDC3 North E",
  "transformer_capacity": 3000.0,
  "voltage_avg": 481.1178913696145,
  "min_voltage": 464.75,
  "max_voltage": 499.322,
  "voltage_std": 1.5455684235928122,
  "voltage_spread": 34.572,
  "power_factor": 0.8720523473108478,
  "vhi_avg": 1.0001568346290861,
  "vhi_max": 1.0379998747479642,
  "vhi_high_events": 0,
  "voltage_dip_count": 0,
  "pct_below_nominal": 24.872379216043754,
  "estimated_running_amps": 546.3706258773929,
  "vhi_threshold": 5.0,
  "lrc_multiplier": 6.0,
  "data_resolution": "1minRES",
  "field_efficiency": 0.92,
  "time_period_hours": 744,
  "analysis_period": "",
  "file_name": "AN55050395-V-1minRES_44640CLP_260101-260131c.csv",
  "csv_file_path": "/Users/mdhowell/eeclips/FosterFarms/Livingston/aSITE2026/01_JAN2026/NCDC/AN55050395-V-1minRES_44640CLP_260101-260131c.csv",
  "drop_groups": [
    {
      "id": "G1",
      "group_id": "G1",
      "drop_count": 0,
      "voltage_range": "464.8-499.3V",
      "amp_range": "371.5-724.2A",
      "delta_v": 0.07544411379001303,
      "est_stall_amps": 546.3706258773929,
      "estimated_hp": 477,
      "classification": "Normal",
      "risk": "Normal",
      "days": 31,
      "center_v": 481.1178913696145,
      "min_v": 464.75,
      "max_v": 499.322,
      "avg_amps": 546.3706258773929,
      "lrc_factor": 6.0,
      "power_factor": 0.8720523473108478,
      "efficiency": 0.92
    }
  ],
  "voltage_center": 481.1178913696145,
  "delta_v_primary": 0.07544411379001303
}