{
  "nominal_voltage": 482.9484671370968,
  "transformer_name": "NCDC1 West11c",
  "transformer_capacity": 2500.0,
  "voltage_avg": 483.04585541439803,
  "min_voltage": 465.001,
  "max_voltage": 502.419,
  "voltage_std": 1.6085059810331963,
  "voltage_spread": 37.418000000000006,
  "power_factor": 0.8258275448699276,
  "vhi_avg": 1.000201653559185,
  "vhi_max": 1.0403159636851607,
  "vhi_high_events": 0,
  "voltage_dip_count": 0,
  "pct_below_nominal": 2.8143135629299336,
  "estimated_running_amps": 573.258301485581,
  "vhi_threshold": 5.0,
  "lrc_multiplier": 6.0,
  "data_resolution": "1minRES",
  "field_efficiency": 0.92,
  "time_period_hours": 744,
  "analysis_period": "",
  "file_name": "AN55031702-V-1minRES_44640CLP_260101-260131c.csv",
  "csv_file_path": "/Users/mdhowell/eeclips/FosterFarms/Livingston/aSITE2026/01_JAN2026/NCDC/AN55031702-V-1minRES_44640CLP_260101-260131c.csv",
  "drop_groups": [
    {
      "id": "G1",
      "group_id": "G1",
      "drop_count": 0,
      "voltage_range": "465.0-502.4V",
      "amp_range": "384.7-741.5A",
      "delta_v": 0.09738827730120647,
      "est_stall_amps": 573.258301485581,
      "estimated_hp": 502,
      "classification": "Normal",
      "risk": "Normal",
      "days": 31,
      "center_v": 483.04585541439803,
      "min_v": 465.001,
      "max_v": 502.419,
      "avg_amps": 573.258301485581,
      "lrc_factor": 6.0,
      "power_factor": 0.8258275448699276,
      "efficiency": 0.92
    }
  ],
  "voltage_center": 483.04585541439803,
  "delta_v_primary": 0.09738827730120647
}