{
  "nominal_voltage": 481.00035651041674,
  "transformer_name": "NCDC3 North E",
  "transformer_capacity": 2500.0,
  "voltage_avg": 481.13161761641317,
  "min_voltage": 464.123,
  "max_voltage": 499.143,
  "voltage_std": 1.6261002703695384,
  "voltage_spread": 35.01999999999998,
  "power_factor": 0.8663122406374908,
  "vhi_avg": 1.000272891909995,
  "vhi_max": 1.0377185655769683,
  "vhi_high_events": 0,
  "voltage_dip_count": 0,
  "pct_below_nominal": 26.428880572315993,
  "estimated_running_amps": 569.2361573868989,
  "vhi_threshold": 5.0,
  "lrc_multiplier": 6.0,
  "data_resolution": "1minRES",
  "field_efficiency": 0.92,
  "time_period_hours": 744,
  "analysis_period": "",
  "file_name": "AN55050395-V-1minRES_40320CLP_260201-260228c.csv",
  "csv_file_path": "/Users/mdhowell/eeclips/FosterFarms/Livingston/aSITE2026/02_FEB2026/NCDC/AN55050395-V-1minRES_40320CLP_260201-260228c.csv",
  "drop_groups": [
    {
      "id": "G1",
      "group_id": "G1",
      "drop_count": 0,
      "voltage_range": "464.1-499.1V",
      "amp_range": "410.1-729.9A",
      "delta_v": 0.1312611059964297,
      "est_stall_amps": 569.2361573868989,
      "estimated_hp": 497,
      "classification": "Normal",
      "risk": "Normal",
      "days": 28,
      "center_v": 481.13161761641317,
      "min_v": 464.123,
      "max_v": 499.143,
      "avg_amps": 569.2361573868989,
      "lrc_factor": 6.0,
      "power_factor": 0.8663122406374908,
      "efficiency": 0.92
    }
  ],
  "voltage_center": 481.13161761641317,
  "delta_v_primary": 0.1312611059964297
}