{
  "nominal_voltage": 482.9389713417659,
  "transformer_name": "NCDC1 West11c",
  "transformer_capacity": 2500.0,
  "voltage_avg": 483.0348115821592,
  "min_voltage": 465.631,
  "max_voltage": 501.222,
  "voltage_std": 1.5426386991134793,
  "voltage_spread": 35.59100000000001,
  "power_factor": 0.8370032865665047,
  "vhi_avg": 1.000198452073824,
  "vhi_max": 1.0378578448689648,
  "vhi_high_events": 0,
  "voltage_dip_count": 0,
  "pct_below_nominal": 1.9885108263367213,
  "estimated_running_amps": 570.8725910434158,
  "vhi_threshold": 5.0,
  "lrc_multiplier": 6.0,
  "data_resolution": "1minRES",
  "field_efficiency": 0.92,
  "time_period_hours": 744,
  "analysis_period": "",
  "file_name": "AN55031702-V-1minRES_40320CLP_260201-260228c.csv",
  "csv_file_path": "/Users/mdhowell/eeclips/FosterFarms/Livingston/aSITE2026/02_FEB2026/NCDC/AN55031702-V-1minRES_40320CLP_260201-260228c.csv",
  "drop_groups": [
    {
      "id": "G1",
      "group_id": "G1",
      "drop_count": 0,
      "voltage_range": "465.6-501.2V",
      "amp_range": "460.0-684.9A",
      "delta_v": 0.09584024039327232,
      "est_stall_amps": 570.8725910434158,
      "estimated_hp": 500,
      "classification": "Normal",
      "risk": "Normal",
      "days": 28,
      "center_v": 483.0348115821592,
      "min_v": 465.631,
      "max_v": 501.222,
      "avg_amps": 570.8725910434158,
      "lrc_factor": 6.0,
      "power_factor": 0.8370032865665047,
      "efficiency": 0.92
    }
  ],
  "voltage_center": 483.0348115821592,
  "delta_v_primary": 0.09584024039327232
}