{
  "nominal_voltage": 481.64615503472226,
  "transformer_name": "NCDC2 South D",
  "transformer_capacity": 2500.0,
  "voltage_avg": 481.705890388193,
  "min_voltage": 452.109,
  "max_voltage": 499.757,
  "voltage_std": 1.608068979317949,
  "voltage_spread": 47.648000000000025,
  "power_factor": 0.9224539969834088,
  "vhi_avg": 1.0001240233163835,
  "vhi_max": 1.0613254247458759,
  "vhi_high_events": 0,
  "voltage_dip_count": 1,
  "pct_below_nominal": 16.27199597787833,
  "estimated_running_amps": 2736.476,
  "vhi_threshold": 5.0,
  "lrc_multiplier": 6.0,
  "data_resolution": "1minRES",
  "field_efficiency": 0.92,
  "time_period_hours": 744,
  "analysis_period": "",
  "file_name": "AN55050318-V-1minRES_40320CLP_260201-260228c.csv",
  "csv_file_path": "/Users/mdhowell/eeclips/FosterFarms/Livingston/aSITE2026/02_FEB2026/NCDC/AN55050318-V-1minRES_40320CLP_260201-260228c.csv",
  "drop_groups": [
    {
      "id": "G1",
      "group_id": "G1",
      "drop_count": 1,
      "voltage_range": "452.1-452.1V",
      "amp_range": "2736.5-2736.5A",
      "delta_v": 29.5,
      "est_stall_amps": 540.0,
      "estimated_hp": 360,
      "classification": "SIGNIFICANT",
      "risk": "SIGNIFICANT",
      "days": 1,
      "center_v": 452.109,
      "min_v": 452.109,
      "max_v": 452.109,
      "avg_amps": 2736.476,
      "lrc_factor": 6.0,
      "power_factor": 0.9224539969834088,
      "efficiency": 0.92
    }
  ],
  "voltage_center": 452.109,
  "delta_v_primary": 29.5
}