{
  "nominal_voltage": 476.2244536598775,
  "transformer_name": "T16.Compressor",
  "transformer_capacity": 2500.0,
  "voltage_avg": 477.56020921500965,
  "min_voltage": 456.643,
  "max_voltage": 504.3413167,
  "voltage_std": 10.944583335674487,
  "voltage_spread": 47.69831670000002,
  "power_factor": 0.8850357852092999,
  "vhi_avg": 1.0028048865295904,
  "vhi_max": 1.0590411996360938,
  "vhi_high_events": 0,
  "voltage_dip_count": 37696,
  "pct_below_nominal": 59.40796031433274,
  "estimated_running_amps": 1460.8341554610515,
  "vhi_threshold": 5.0,
  "lrc_multiplier": 6.0,
  "data_resolution": "1minRES",
  "field_efficiency": 0.92,
  "time_period_hours": 744,
  "analysis_period": "",
  "file_name": "AN54022983-V-1minRES_43260CLP_251101-251130zth.csv",
  "csv_file_path": "/Users/mdhowell/eeclips/CherryAve/SITE2025/11_NOV2025/AN54022983-V-1minRES_43260CLP_251101-251130zth.csv",
  "drop_groups": [
    {
      "id": "G1",
      "group_id": "G1",
      "drop_count": 37696,
      "voltage_range": "456.6-476.0V",
      "amp_range": "860.3-1998.2A",
      "delta_v": 25.5,
      "est_stall_amps": 285.0,
      "estimated_hp": 190,
      "classification": "SIGNIFICANT",
      "risk": "SIGNIFICANT",
      "days": 26,
      "center_v": 466.3175082,
      "min_v": 456.643,
      "max_v": 475.9920164,
      "avg_amps": 1460.8341554610515,
      "lrc_factor": 6.0,
      "power_factor": 0.8850357852092999,
      "efficiency": 0.92
    }
  ],
  "voltage_center": 466.3175082,
  "delta_v_primary": 25.5
}