{
  "nominal_voltage": 459.4514813729889,
  "transformer_name": "T10.AirChiller",
  "transformer_capacity": 3000.0,
  "voltage_avg": 460.72951052840745,
  "min_voltage": 439.3570656,
  "max_voltage": 485.7551639,
  "voltage_std": 11.592499025376307,
  "voltage_spread": 46.398098300000015,
  "power_factor": 0.8930527584730876,
  "vhi_avg": 1.0027816411682893,
  "vhi_max": 1.057250185478578,
  "vhi_high_events": 0,
  "voltage_dip_count": 34818,
  "pct_below_nominal": 96.65739452943903,
  "estimated_running_amps": 1346.7914428114539,
  "vhi_threshold": 5.0,
  "lrc_multiplier": 6.0,
  "data_resolution": "1minRES",
  "field_efficiency": 0.92,
  "time_period_hours": 744,
  "analysis_period": "",
  "file_name": "AN53111387-V-1minRES_44686CLP_251101-251130zth.csv",
  "csv_file_path": "/Users/mdhowell/eeclips/CherryAve/SITE2025/11_NOV2025/AN53111387-V-1minRES_44686CLP_251101-251130zth.csv",
  "drop_groups": [
    {
      "id": "G1",
      "group_id": "G1",
      "drop_count": 34818,
      "voltage_range": "439.4-459.7V",
      "amp_range": "287.0-2009.0A",
      "delta_v": 26.0,
      "est_stall_amps": 240.0,
      "estimated_hp": 160,
      "classification": "SIGNIFICANT",
      "risk": "SIGNIFICANT",
      "days": 26,
      "center_v": 449.54018035,
      "min_v": 439.3570656,
      "max_v": 459.7232951,
      "avg_amps": 1346.7914428114539,
      "lrc_factor": 6.0,
      "power_factor": 0.8930527584730876,
      "efficiency": 0.92
    }
  ],
  "voltage_center": 449.54018035,
  "delta_v_primary": 26.0
}