{
  "nominal_voltage": 480.0101523809523,
  "transformer_name": "Deli G",
  "transformer_capacity": 2500.0,
  "voltage_avg": 480.09350194726267,
  "min_voltage": 457.465,
  "max_voltage": 500.096,
  "voltage_std": 4.130764526205544,
  "voltage_spread": 42.63100000000003,
  "power_factor": 0.8664267037138108,
  "vhi_avg": 1.000173641257163,
  "vhi_max": 1.046968074048275,
  "vhi_high_events": 0,
  "voltage_dip_count": 12,
  "pct_below_nominal": 60.671314098588404,
  "estimated_running_amps": 772.9976666666665,
  "vhi_threshold": 5.0,
  "lrc_multiplier": 6.0,
  "data_resolution": "1minRES",
  "field_efficiency": 0.92,
  "time_period_hours": 744,
  "analysis_period": "",
  "file_name": "AN55050305-V-1minRES_40320CLP_260201-260228c.csv",
  "csv_file_path": "/Users/mdhowell/eeclips/FosterFarms/Livingston/aSITE2026/02_FEB2026/Deli/AN55050305-V-1minRES_40320CLP_260201-260228c.csv",
  "drop_groups": [
    {
      "id": "G1",
      "group_id": "G1",
      "drop_count": 12,
      "voltage_range": "457.5-459.7V",
      "amp_range": "700.5-904.5A",
      "delta_v": 21.3,
      "est_stall_amps": 180.0,
      "estimated_hp": 120,
      "classification": "SIGNIFICANT",
      "risk": "SIGNIFICANT",
      "days": 2,
      "center_v": 458.5955,
      "min_v": 457.465,
      "max_v": 459.726,
      "avg_amps": 772.9976666666665,
      "lrc_factor": 6.0,
      "power_factor": 0.8664267037138108,
      "efficiency": 0.92
    }
  ],
  "voltage_center": 458.5955,
  "delta_v_primary": 21.3
}