{
  "nominal_voltage": 488.8150175158678,
  "transformer_name": "T15 Fillet",
  "transformer_capacity": 2500.0,
  "voltage_avg": 488.8150175158678,
  "min_voltage": 390.5369891304348,
  "max_voltage": 346360.2341311475,
  "voltage_std": 9.483158129130818,
  "voltage_spread": 345969.6971420171,
  "power_factor": 0.8423315376841077,
  "vhi_avg": 1.0,
  "vhi_max": 708.5711807532674,
  "vhi_high_events": 7,
  "voltage_dip_count": 9008,
  "pct_below_nominal": 57.71968550807311,
  "estimated_running_amps": 1764.8855644085845,
  "vhi_threshold": 5.0,
  "lrc_multiplier": 6.0,
  "data_resolution": "1minRES",
  "field_efficiency": 0.92,
  "time_period_hours": 744,
  "analysis_period": "",
  "file_name": "AN53110845-V-1minRES_40320CLP_260201-260228c.csv",
  "csv_file_path": "/Users/mdhowell/eeclips/FosterFarms/CherryAve/aSITE2026/02_FEB2026/AN53110845-V-1minRES_40320CLP_260201-260228c.csv",
  "drop_groups": [
    {
      "id": "G1",
      "group_id": "G1",
      "drop_count": 8991,
      "voltage_range": "464.0-469.3V",
      "amp_range": "1272.9-2232.7A",
      "delta_v": 20.7,
      "est_stall_amps": 420.0,
      "estimated_hp": 280,
      "classification": "SIGNIFICANT",
      "risk": "SIGNIFICANT",
      "days": 19,
      "center_v": 466.6323032786885,
      "min_v": 464.0046721311475,
      "max_v": 469.2599344262295,
      "avg_amps": 1764.8855644085845,
      "lrc_factor": 6.0,
      "power_factor": 0.8423315376841077,
      "efficiency": 0.92
    },
    {
      "id": "G2",
      "group_id": "G2",
      "drop_count": 5,
      "voltage_range": "416.0-418.1V",
      "amp_range": "1188.6-1682.8A",
      "delta_v": 71.9,
      "est_stall_amps": 240.0,
      "estimated_hp": 160,
      "classification": "CRITICAL",
      "risk": "CRITICAL",
      "days": 5,
      "center_v": 417.04143442622956,
      "min_v": 416.0100327868853,
      "max_v": 418.07283606557377,
      "avg_amps": 1461.0545540983608,
      "lrc_factor": 6.0,
      "power_factor": 0.8423315376841077,
      "efficiency": 0.92
    },
    {
      "id": "G3",
      "group_id": "G3",
      "drop_count": 3,
      "voltage_range": "438.7-441.7V",
      "amp_range": "299.0-322.4A",
      "delta_v": 48.8,
      "est_stall_amps": 60.0,
      "estimated_hp": 40,
      "classification": "SEVERE",
      "risk": "SEVERE",
      "days": 3,
      "center_v": 440.1866721311476,
      "min_v": 438.7152786885246,
      "max_v": 441.6580655737705,
      "avg_amps": 307.7547103825137,
      "lrc_factor": 6.0,
      "power_factor": 0.8423315376841077,
      "efficiency": 0.92
    },
    {
      "id": "G4",
      "group_id": "G4",
      "drop_count": 2,
      "voltage_range": "432.0-432.6V",
      "amp_range": "1287.7-1291.2A",
      "delta_v": 56.5,
      "est_stall_amps": 210.0,
      "estimated_hp": 140,
      "classification": "CRITICAL",
      "risk": "CRITICAL",
      "days": 2,
      "center_v": 432.3165229885057,
      "min_v": 432.0138390804597,
      "max_v": 432.6192068965517,
      "avg_amps": 1289.4353735632185,
      "lrc_factor": 6.0,
      "power_factor": 0.8423315376841077,
      "efficiency": 0.92
    },
    {
      "id": "G5",
      "group_id": "G5",
      "drop_count": 1,
      "voltage_range": "390.5-390.5V",
      "amp_range": "1528.5-1528.5A",
      "delta_v": 98.3,
      "est_stall_amps": 240.0,
      "estimated_hp": 160,
      "classification": "EXTREME",
      "risk": "EXTREME",
      "days": 1,
      "center_v": 390.5369891304348,
      "min_v": 390.5369891304348,
      "max_v": 390.5369891304348,
      "avg_amps": 1528.4958804347823,
      "lrc_factor": 6.0,
      "power_factor": 0.8423315376841077,
      "efficiency": 0.92
    },
    {
      "id": "G6",
      "group_id": "G6",
      "drop_count": 1,
      "voltage_range": "395.5-395.5V",
      "amp_range": "1398.8-1398.8A",
      "delta_v": 93.3,
      "est_stall_amps": 210.0,
      "estimated_hp": 140,
      "classification": "EXTREME",
      "risk": "EXTREME",
      "days": 1,
      "center_v": 395.5026976744186,
      "min_v": 395.5026976744186,
      "max_v": 395.5026976744186,
      "avg_amps": 1398.8331046511628,
      "lrc_factor": 6.0,
      "power_factor": 0.8423315376841077,
      "efficiency": 0.92
    },
    {
      "id": "G7",
      "group_id": "G7",
      "drop_count": 1,
      "voltage_range": "408.7-408.7V",
      "amp_range": "1353.9-1353.9A",
      "delta_v": 80.1,
      "est_stall_amps": 210.0,
      "estimated_hp": 140,
      "classification": "CRITICAL",
      "risk": "CRITICAL",
      "days": 1,
      "center_v": 408.67890163934425,
      "min_v": 408.67890163934425,
      "max_v": 408.67890163934425,
      "avg_amps": 1353.9145573770493,
      "lrc_factor": 6.0,
      "power_factor": 0.8423315376841077,
      "efficiency": 0.92
    },
    {
      "id": "G8",
      "group_id": "G8",
      "drop_count": 1,
      "voltage_range": "423.7-423.7V",
      "amp_range": "1423.0-1423.0A",
      "delta_v": 65.1,
      "est_stall_amps": 240.0,
      "estimated_hp": 160,
      "classification": "CRITICAL",
      "risk": "CRITICAL",
      "days": 1,
      "center_v": 423.7314918032787,
      "min_v": 423.7314918032787,
      "max_v": 423.7314918032787,
      "avg_amps": 1423.019868852459,
      "lrc_factor": 6.0,
      "power_factor": 0.8423315376841077,
      "efficiency": 0.92
    },
    {
      "id": "G9",
      "group_id": "G9",
      "drop_count": 1,
      "voltage_range": "436.4-436.4V",
      "amp_range": "280.7-280.7A",
      "delta_v": 52.4,
      "est_stall_amps": 45.0,
      "estimated_hp": 30,
      "classification": "CRITICAL",
      "risk": "CRITICAL",
      "days": 1,
      "center_v": 436.4440163934426,
      "min_v": 436.4440163934426,
      "max_v": 436.4440163934426,
      "avg_amps": 280.66249180327867,
      "lrc_factor": 6.0,
      "power_factor": 0.8423315376841077,
      "efficiency": 0.92
    },
    {
      "id": "G10",
      "group_id": "G10",
      "drop_count": 1,
      "voltage_range": "449.3-449.3V",
      "amp_range": "349.6-349.6A",
      "delta_v": 39.6,
      "est_stall_amps": 60.0,
      "estimated_hp": 40,
      "classification": "SIGNIFICANT",
      "risk": "SIGNIFICANT",
      "days": 1,
      "center_v": 449.2622786885246,
      "min_v": 449.2622786885246,
      "max_v": 449.2622786885246,
      "avg_amps": 349.5853770491803,
      "lrc_factor": 6.0,
      "power_factor": 0.8423315376841077,
      "efficiency": 0.92
    },
    {
      "id": "G11",
      "group_id": "G11",
      "drop_count": 1,
      "voltage_range": "458.1-458.1V",
      "amp_range": "1583.4-1583.4A",
      "delta_v": 30.7,
      "est_stall_amps": 315.0,
      "estimated_hp": 210,
      "classification": "SIGNIFICANT",
      "risk": "SIGNIFICANT",
      "days": 1,
      "center_v": 458.0882950819672,
      "min_v": 458.0882950819672,
      "max_v": 458.0882950819672,
      "avg_amps": 1583.4366229508198,
      "lrc_factor": 6.0,
      "power_factor": 0.8423315376841077,
      "efficiency": 0.92
    }
  ],
  "voltage_center": 466.6323032786885,
  "delta_v_primary": 20.7
}