{
  "nominal_voltage": 476.69622559402256,
  "transformer_name": "T16 Compressor",
  "transformer_capacity": 2500.0,
  "voltage_avg": 476.69622559402256,
  "min_voltage": 458.1513770491803,
  "max_voltage": 503.9344262295082,
  "voltage_std": 10.970543696185345,
  "voltage_spread": 45.78304918032785,
  "power_factor": 0.8833890079865657,
  "vhi_avg": 1.0,
  "vhi_max": 1.0571395349345245,
  "vhi_high_events": 0,
  "voltage_dip_count": 39522,
  "pct_below_nominal": 65.7514880952381,
  "estimated_running_amps": 1542.3636355299193,
  "vhi_threshold": 5.0,
  "lrc_multiplier": 6.0,
  "data_resolution": "1minRES",
  "field_efficiency": 0.92,
  "time_period_hours": 744,
  "analysis_period": "",
  "file_name": "AN54022983-V-1minRES_40320CLP_260201-260228c.csv",
  "csv_file_path": "/Users/mdhowell/eeclips/FosterFarms/CherryAve/aSITE2026/02_FEB2026/AN54022983-V-1minRES_40320CLP_260201-260228c.csv",
  "drop_groups": [
    {
      "id": "G1",
      "group_id": "G1",
      "drop_count": 39522,
      "voltage_range": "458.2-477.3V",
      "amp_range": "781.4-2010.2A",
      "delta_v": 26.2,
      "est_stall_amps": 300.0,
      "estimated_hp": 200,
      "classification": "SIGNIFICANT",
      "risk": "SIGNIFICANT",
      "days": 26,
      "center_v": 467.7100409836066,
      "min_v": 458.1513770491803,
      "max_v": 477.2687049180328,
      "avg_amps": 1542.3636355299193,
      "lrc_factor": 6.0,
      "power_factor": 0.8833890079865657,
      "efficiency": 0.92
    }
  ],
  "voltage_center": 467.7100409836066,
  "delta_v_primary": 26.2
}