{
  "nominal_voltage": 467.85286036706344,
  "transformer_name": "T12 Main",
  "transformer_capacity": 2500.0,
  "voltage_avg": 467.85286036706344,
  "min_voltage": 438.776,
  "max_voltage": 494.237,
  "voltage_std": 10.911711904871,
  "voltage_spread": 55.46100000000001,
  "power_factor": 0.8386934771825396,
  "vhi_avg": 1.0,
  "vhi_max": 1.0621495834058823,
  "vhi_high_events": 0,
  "voltage_dip_count": 38976,
  "pct_below_nominal": 79.85119047619048,
  "estimated_running_amps": 1794.5176137267476,
  "vhi_threshold": 5.0,
  "lrc_multiplier": 6.0,
  "data_resolution": "1minRES",
  "field_efficiency": 0.92,
  "time_period_hours": 744,
  "analysis_period": "",
  "file_name": "AN54021613-V-1minRES_40320CLP_260201-260228c.csv",
  "csv_file_path": "/Users/mdhowell/eeclips/FosterFarms/CherryAve/aSITE2026/02_FEB2026/AN54021613-V-1minRES_40320CLP_260201-260228c.csv",
  "drop_groups": [
    {
      "id": "G1",
      "group_id": "G1",
      "drop_count": 38975,
      "voltage_range": "445.8-468.1V",
      "amp_range": "912.2-2356.6A",
      "delta_v": 25.7,
      "est_stall_amps": 345.0,
      "estimated_hp": 230,
      "classification": "SIGNIFICANT",
      "risk": "SIGNIFICANT",
      "days": 26,
      "center_v": 456.933,
      "min_v": 445.762,
      "max_v": 468.104,
      "avg_amps": 1794.5176137267476,
      "lrc_factor": 6.0,
      "power_factor": 0.8386934771825396,
      "efficiency": 0.92
    },
    {
      "id": "G2",
      "group_id": "G2",
      "drop_count": 1,
      "voltage_range": "438.8-438.8V",
      "amp_range": "2005.7-2005.7A",
      "delta_v": 48.8,
      "est_stall_amps": 330.0,
      "estimated_hp": 220,
      "classification": "SEVERE",
      "risk": "SEVERE",
      "days": 1,
      "center_v": 438.776,
      "min_v": 438.776,
      "max_v": 438.776,
      "avg_amps": 2005.702,
      "lrc_factor": 6.0,
      "power_factor": 0.8386934771825396,
      "efficiency": 0.92
    }
  ],
  "voltage_center": 456.933,
  "delta_v_primary": 25.7
}