{
  "nominal_voltage": 459.80043890855904,
  "transformer_name": "T10 Air Chiller",
  "transformer_capacity": 2500.0,
  "voltage_avg": 459.80043890855904,
  "min_voltage": 440.2392950819672,
  "max_voltage": 485.2778292682927,
  "voltage_std": 11.240446131782491,
  "voltage_spread": 45.03853418632548,
  "power_factor": 0.8882187311761034,
  "vhi_avg": 1.0,
  "vhi_max": 1.055409669508385,
  "vhi_high_events": 0,
  "voltage_dip_count": 34482,
  "pct_below_nominal": 95.49851190476191,
  "estimated_running_amps": 1344.45934970171,
  "vhi_threshold": 5.0,
  "lrc_multiplier": 6.0,
  "data_resolution": "1minRES",
  "field_efficiency": 0.92,
  "time_period_hours": 744,
  "analysis_period": "",
  "file_name": "AN53111387-V-1minRES_40320CLP_260201-260228c.csv",
  "csv_file_path": "/Users/mdhowell/eeclips/FosterFarms/CherryAve/aSITE2026/02_FEB2026/AN53111387-V-1minRES_40320CLP_260201-260228c.csv",
  "drop_groups": [
    {
      "id": "G1",
      "group_id": "G1",
      "drop_count": 34482,
      "voltage_range": "440.2-460.3V",
      "amp_range": "162.0-2075.9A",
      "delta_v": 26.3,
      "est_stall_amps": 240.0,
      "estimated_hp": 160,
      "classification": "SIGNIFICANT",
      "risk": "SIGNIFICANT",
      "days": 26,
      "center_v": 450.28674590163934,
      "min_v": 440.2392950819672,
      "max_v": 460.33419672131146,
      "avg_amps": 1344.45934970171,
      "lrc_factor": 6.0,
      "power_factor": 0.8882187311761034,
      "efficiency": 0.92
    }
  ],
  "voltage_center": 450.28674590163934,
  "delta_v_primary": 26.3
}