{
  "nominal_voltage": 479.7245277992256,
  "transformer_name": "T15.Fillet",
  "transformer_capacity": 2500.0,
  "voltage_avg": 479.7245277992256,
  "min_voltage": 401.1787625,
  "max_voltage": 502.76358024691353,
  "voltage_std": 8.77389215988627,
  "voltage_spread": 101.58481774691353,
  "power_factor": 0.8505917675046982,
  "vhi_avg": 1.0,
  "vhi_max": 1.1637309763158463,
  "vhi_high_events": 8,
  "voltage_dip_count": 60598,
  "pct_below_nominal": 57.53360215053763,
  "estimated_running_amps": 1618.8919096850623,
  "vhi_threshold": 5.0,
  "lrc_multiplier": 6.0,
  "data_resolution": "1minRES",
  "field_efficiency": 0.92,
  "time_period_hours": 744,
  "analysis_period": "",
  "file_name": "AN53110845-V-1minRES_44640CLP_260101-260131c.csv",
  "csv_file_path": "/Users/mdhowell/eeclips/FosterFarms/CherryAve/aSITE2026/01_JAN2026/AN53110845-V-1minRES_44640CLP_260101-260131c.csv",
  "drop_groups": [
    {
      "id": "G1",
      "group_id": "G1",
      "drop_count": 60580,
      "voltage_range": "463.9-475.4V",
      "amp_range": "481.3-2287.7A",
      "delta_v": 22.9,
      "est_stall_amps": 375.0,
      "estimated_hp": 250,
      "classification": "SIGNIFICANT",
      "risk": "SIGNIFICANT",
      "days": 24,
      "center_v": 469.6386927710844,
      "min_v": 463.86524096385546,
      "max_v": 475.4121445783133,
      "avg_amps": 1618.8919096850623,
      "lrc_factor": 6.0,
      "power_factor": 0.8505917675046982,
      "efficiency": 0.92
    },
    {
      "id": "G2",
      "group_id": "G2",
      "drop_count": 4,
      "voltage_range": "415.8-417.6V",
      "amp_range": "1032.1-1422.4A",
      "delta_v": 78.4,
      "est_stall_amps": 195.0,
      "estimated_hp": 130,
      "classification": "CRITICAL",
      "risk": "CRITICAL",
      "days": 4,
      "center_v": 416.70274590163933,
      "min_v": 415.7750819672131,
      "max_v": 417.6304098360656,
      "avg_amps": 1268.15568852459,
      "lrc_factor": 6.0,
      "power_factor": 0.8505917675046982,
      "efficiency": 0.92
    },
    {
      "id": "G3",
      "group_id": "G3",
      "drop_count": 3,
      "voltage_range": "408.9-410.7V",
      "amp_range": "1205.8-1350.8A",
      "delta_v": 85.3,
      "est_stall_amps": 195.0,
      "estimated_hp": 130,
      "classification": "EXTREME",
      "risk": "EXTREME",
      "days": 3,
      "center_v": 409.79839344262297,
      "min_v": 408.9079672131147,
      "max_v": 410.6888196721312,
      "avg_amps": 1264.1856065573768,
      "lrc_factor": 6.0,
      "power_factor": 0.8505917675046982,
      "efficiency": 0.92
    },
    {
      "id": "G4",
      "group_id": "G4",
      "drop_count": 3,
      "voltage_range": "419.8-420.7V",
      "amp_range": "580.1-1903.5A",
      "delta_v": 74.9,
      "est_stall_amps": 225.0,
      "estimated_hp": 150,
      "classification": "CRITICAL",
      "risk": "CRITICAL",
      "days": 3,
      "center_v": 420.2616727166276,
      "min_v": 419.810131147541,
      "max_v": 420.71321428571423,
      "avg_amps": 1444.8501134530313,
      "lrc_factor": 6.0,
      "power_factor": 0.8505917675046982,
      "efficiency": 0.92
    },
    {
      "id": "G5",
      "group_id": "G5",
      "drop_count": 3,
      "voltage_range": "423.1-424.5V",
      "amp_range": "21.9-452.1A",
      "delta_v": 71.6,
      "est_stall_amps": 45.0,
      "estimated_hp": 30,
      "classification": "CRITICAL",
      "risk": "CRITICAL",
      "days": 3,
      "center_v": 423.80155737704916,
      "min_v": 423.12281967213113,
      "max_v": 424.4802950819672,
      "avg_amps": 265.9619125683061,
      "lrc_factor": 6.0,
      "power_factor": 0.8505917675046982,
      "efficiency": 0.92
    },
    {
      "id": "G6",
      "group_id": "G6",
      "drop_count": 2,
      "voltage_range": "440.5-440.8V",
      "amp_range": "320.0-863.5A",
      "delta_v": 54.6,
      "est_stall_amps": 90.0,
      "estimated_hp": 60,
      "classification": "CRITICAL",
      "risk": "CRITICAL",
      "days": 2,
      "center_v": 440.64701639344264,
      "min_v": 440.5326557377049,
      "max_v": 440.76137704918034,
      "avg_amps": 591.7308852459016,
      "lrc_factor": 6.0,
      "power_factor": 0.8505917675046982,
      "efficiency": 0.92
    },
    {
      "id": "G7",
      "group_id": "G7",
      "drop_count": 1,
      "voltage_range": "401.2-401.2V",
      "amp_range": "1570.4-1570.4A",
      "delta_v": 94.0,
      "est_stall_amps": 240.0,
      "estimated_hp": 160,
      "classification": "EXTREME",
      "risk": "EXTREME",
      "days": 1,
      "center_v": 401.1787625,
      "min_v": 401.1787625,
      "max_v": 401.1787625,
      "avg_amps": 1570.4113375000002,
      "lrc_factor": 6.0,
      "power_factor": 0.8505917675046982,
      "efficiency": 0.92
    },
    {
      "id": "G8",
      "group_id": "G8",
      "drop_count": 1,
      "voltage_range": "432.7-432.7V",
      "amp_range": "1684.4-1684.4A",
      "delta_v": 62.5,
      "est_stall_amps": 285.0,
      "estimated_hp": 190,
      "classification": "CRITICAL",
      "risk": "CRITICAL",
      "days": 1,
      "center_v": 432.6875081967213,
      "min_v": 432.6875081967213,
      "max_v": 432.6875081967213,
      "avg_amps": 1684.4367213114754,
      "lrc_factor": 6.0,
      "power_factor": 0.8505917675046982,
      "efficiency": 0.92
    },
    {
      "id": "G9",
      "group_id": "G9",
      "drop_count": 1,
      "voltage_range": "445.5-445.5V",
      "amp_range": "1622.5-1622.5A",
      "delta_v": 49.7,
      "est_stall_amps": 270.0,
      "estimated_hp": 180,
      "classification": "SEVERE",
      "risk": "SEVERE",
      "days": 1,
      "center_v": 445.4860819672131,
      "min_v": 445.4860819672131,
      "max_v": 445.4860819672131,
      "avg_amps": 1622.4713770491803,
      "lrc_factor": 6.0,
      "power_factor": 0.8505917675046982,
      "efficiency": 0.92
    }
  ],
  "voltage_center": 469.6386927710844,
  "delta_v_primary": 22.9
}