{
  "nominal_voltage": 475.5079667422515,
  "transformer_name": "T16.Compressor",
  "transformer_capacity": 2500.0,
  "voltage_avg": 475.5079667422515,
  "min_voltage": 458.4328852459016,
  "max_voltage": 503.154475409836,
  "voltage_std": 9.839901225931856,
  "voltage_spread": 44.721590163934366,
  "power_factor": 0.8819982575074616,
  "vhi_avg": 1.0,
  "vhi_max": 1.0581409999436882,
  "vhi_high_events": 0,
  "voltage_dip_count": 45358,
  "pct_below_nominal": 67.62320788530467,
  "estimated_running_amps": 1677.852212088914,
  "vhi_threshold": 5.0,
  "lrc_multiplier": 6.0,
  "data_resolution": "1minRES",
  "field_efficiency": 0.92,
  "time_period_hours": 744,
  "analysis_period": "",
  "file_name": "AN54022983-V-1minRES_44640CLP_260101-260131c.csv",
  "csv_file_path": "/Users/mdhowell/eeclips/FosterFarms/CherryAve/aSITE2026/01_JAN2026/AN54022983-V-1minRES_44640CLP_260101-260131c.csv",
  "drop_groups": [
    {
      "id": "G1",
      "group_id": "G1",
      "drop_count": 45358,
      "voltage_range": "458.4-473.6V",
      "amp_range": "1003.9-1988.5A",
      "delta_v": 24.3,
      "est_stall_amps": 330.0,
      "estimated_hp": 220,
      "classification": "SIGNIFICANT",
      "risk": "SIGNIFICANT",
      "days": 28,
      "center_v": 466.0380573770492,
      "min_v": 458.4328852459016,
      "max_v": 473.6432295081967,
      "avg_amps": 1677.852212088914,
      "lrc_factor": 6.0,
      "power_factor": 0.8819982575074616,
      "efficiency": 0.92
    }
  ],
  "voltage_center": 466.0380573770492,
  "delta_v_primary": 24.3
}