{
  "nominal_voltage": 459.29178950303236,
  "transformer_name": "T10.AirChiller",
  "transformer_capacity": 3000.0,
  "voltage_avg": 459.29178950303236,
  "min_voltage": 442.5474125,
  "max_voltage": 484.62075409836063,
  "voltage_std": 10.40138222897463,
  "voltage_spread": 42.07334159836063,
  "power_factor": 0.8898981807436039,
  "vhi_avg": 1.0,
  "vhi_max": 1.0551478715148273,
  "vhi_high_events": 0,
  "voltage_dip_count": 44650,
  "pct_below_nominal": 97.96146953405018,
  "estimated_running_amps": 1343.9139334252357,
  "vhi_threshold": 5.0,
  "lrc_multiplier": 6.0,
  "data_resolution": "1minRES",
  "field_efficiency": 0.92,
  "time_period_hours": 744,
  "analysis_period": "",
  "file_name": "AN53111387-V-1minRES_44640CLP_260101-260131c.csv",
  "csv_file_path": "/Users/mdhowell/eeclips/FosterFarms/CherryAve/aSITE2026/01_JAN2026/AN53111387-V-1minRES_44640CLP_260101-260131c.csv",
  "drop_groups": [
    {
      "id": "G1",
      "group_id": "G1",
      "drop_count": 44650,
      "voltage_range": "442.5-458.3V",
      "amp_range": "575.5-2003.8A",
      "delta_v": 24.1,
      "est_stall_amps": 240.0,
      "estimated_hp": 160,
      "classification": "SIGNIFICANT",
      "risk": "SIGNIFICANT",
      "days": 29,
      "center_v": 450.39970625,
      "min_v": 442.5474125,
      "max_v": 458.252,
      "avg_amps": 1343.9139334252357,
      "lrc_factor": 6.0,
      "power_factor": 0.8898981807436039,
      "efficiency": 0.92
    }
  ],
  "voltage_center": 450.39970625,
  "delta_v_primary": 24.1
}