{
  "nominal_voltage": 466.93051901881717,
  "transformer_name": "T12.Main",
  "transformer_capacity": 2500.0,
  "voltage_avg": 466.93051901881717,
  "min_voltage": 448.635,
  "max_voltage": 492.903,
  "voltage_std": 10.03402680319672,
  "voltage_spread": 44.26800000000003,
  "power_factor": 0.8371535170250896,
  "vhi_avg": 1.0,
  "vhi_max": 1.055623866770928,
  "vhi_high_events": 0,
  "voltage_dip_count": 46978,
  "pct_below_nominal": 84.54749103942653,
  "estimated_running_amps": 1811.0447752777898,
  "vhi_threshold": 5.0,
  "lrc_multiplier": 6.0,
  "data_resolution": "1minRES",
  "field_efficiency": 0.92,
  "time_period_hours": 744,
  "analysis_period": "",
  "file_name": "AN54021613-V-1minRES_44640CLP_260101-260131c.csv",
  "csv_file_path": "/Users/mdhowell/eeclips/FosterFarms/CherryAve/aSITE2026/01_JAN2026/AN54021613-V-1minRES_44640CLP_260101-260131c.csv",
  "drop_groups": [
    {
      "id": "G1",
      "group_id": "G1",
      "drop_count": 46978,
      "voltage_range": "448.6-465.3V",
      "amp_range": "789.5-2576.1A",
      "delta_v": 23.9,
      "est_stall_amps": 360.0,
      "estimated_hp": 240,
      "classification": "SIGNIFICANT",
      "risk": "SIGNIFICANT",
      "days": 29,
      "center_v": 456.9565,
      "min_v": 448.635,
      "max_v": 465.278,
      "avg_amps": 1811.0447752777898,
      "lrc_factor": 6.0,
      "power_factor": 0.8371535170250896,
      "efficiency": 0.92
    }
  ],
  "voltage_center": 456.9565,
  "delta_v_primary": 23.9
}