{
  "nominal_voltage": 470.9973111335125,
  "transformer_name": "Rendering-2",
  "transformer_capacity": 2500.0,
  "voltage_avg": 471.02896630597934,
  "min_voltage": 452.222,
  "max_voltage": 495.402,
  "voltage_std": 2.937209379469062,
  "voltage_spread": 43.18000000000001,
  "power_factor": 0.7048787856655955,
  "vhi_avg": 1.000067208817797,
  "vhi_max": 1.0518149218469095,
  "vhi_high_events": 0,
  "voltage_dip_count": 1,
  "pct_below_nominal": 99.86610185996689,
  "estimated_running_amps": 1775.9034774929396,
  "vhi_threshold": 5.0,
  "lrc_multiplier": 6.0,
  "data_resolution": "1minRES",
  "field_efficiency": 0.92,
  "time_period_hours": 744,
  "analysis_period": "",
  "file_name": "AN55050284-V-1minRES_44640CLP_260101-260131c.csv",
  "csv_file_path": "/Users/mdhowell/eeclips/FosterFarms/Livingston/aSITE2026/01_JAN2026/Rendering/AN55050284-V-1minRES_44640CLP_260101-260131c.csv",
  "drop_groups": [
    {
      "id": "G1",
      "group_id": "G1",
      "drop_count": 1,
      "voltage_range": "452.2-495.4V",
      "amp_range": "904.6-2514.0A",
      "delta_v": 0.031655172466855674,
      "est_stall_amps": 1775.9034774929396,
      "estimated_hp": 1518,
      "classification": "Critical",
      "risk": "Critical",
      "days": 31,
      "center_v": 471.02896630597934,
      "min_v": 452.222,
      "max_v": 495.402,
      "avg_amps": 1775.9034774929396,
      "lrc_factor": 6.0,
      "power_factor": 0.7048787856655955,
      "efficiency": 0.92
    }
  ],
  "voltage_center": 471.02896630597934,
  "delta_v_primary": 0.031655172466855674
}