{
  "nominal_voltage": 477.5036555331541,
  "transformer_name": "Rendering-3",
  "transformer_capacity": 2500.0,
  "voltage_avg": 477.5892450035849,
  "min_voltage": 460.74,
  "max_voltage": 495.137,
  "voltage_std": 1.6501285483600514,
  "voltage_spread": 34.39699999999999,
  "power_factor": 0.7673329847770051,
  "vhi_avg": 1.0001792435920418,
  "vhi_max": 1.0369281873814296,
  "vhi_high_events": 0,
  "voltage_dip_count": 0,
  "pct_below_nominal": 96.11400223724527,
  "estimated_running_amps": 897.9240888089101,
  "vhi_threshold": 5.0,
  "lrc_multiplier": 6.0,
  "data_resolution": "1minRES",
  "field_efficiency": 0.92,
  "time_period_hours": 744,
  "analysis_period": "",
  "file_name": "AN55050429-V-1minRES_44640CLP_260101-260131c.csv",
  "csv_file_path": "/Users/mdhowell/eeclips/FosterFarms/Livingston/aSITE2026/01_JAN2026/Rendering/AN55050429-V-1minRES_44640CLP_260101-260131c.csv",
  "drop_groups": [
    {
      "id": "G1",
      "group_id": "G1",
      "drop_count": 0,
      "voltage_range": "460.7-495.1V",
      "amp_range": "720.2-1086.3A",
      "delta_v": 0.08558947043081844,
      "est_stall_amps": 897.9240888089101,
      "estimated_hp": 778,
      "classification": "Normal",
      "risk": "Normal",
      "days": 31,
      "center_v": 477.5892450035849,
      "min_v": 460.74,
      "max_v": 495.137,
      "avg_amps": 897.9240888089101,
      "lrc_factor": 6.0,
      "power_factor": 0.7673329847770051,
      "efficiency": 0.92
    }
  ],
  "voltage_center": 477.5892450035849,
  "delta_v_primary": 0.08558947043081844
}