{
  "nominal_voltage": 472.9686994175627,
  "transformer_name": "Rendering-1",
  "transformer_capacity": 2500.0,
  "voltage_avg": 473.0110839232906,
  "min_voltage": 455.627,
  "max_voltage": 491.503,
  "voltage_std": 1.893894292978751,
  "voltage_spread": 35.875999999999976,
  "power_factor": 0.8219615478129787,
  "vhi_avg": 1.0000896137646742,
  "vhi_max": 1.0391871610219903,
  "vhi_high_events": 0,
  "voltage_dip_count": 1,
  "pct_below_nominal": 99.97811762989618,
  "estimated_running_amps": 1580.5967378248924,
  "vhi_threshold": 5.0,
  "lrc_multiplier": 6.0,
  "data_resolution": "1minRES",
  "field_efficiency": 0.92,
  "time_period_hours": 744,
  "analysis_period": "",
  "file_name": "AN55050434-V-1minRES_44640CLP_260101-260131c.csv",
  "csv_file_path": "/Users/mdhowell/eeclips/FosterFarms/Livingston/aSITE2026/01_JAN2026/Rendering/AN55050434-V-1minRES_44640CLP_260101-260131c.csv",
  "drop_groups": [
    {
      "id": "G1",
      "group_id": "G1",
      "drop_count": 1,
      "voltage_range": "455.6-491.5V",
      "amp_range": "1124.7-2066.8A",
      "delta_v": 0.04238450572790953,
      "est_stall_amps": 1580.5967378248924,
      "estimated_hp": 1357,
      "classification": "Critical",
      "risk": "Critical",
      "days": 31,
      "center_v": 473.0110839232906,
      "min_v": 455.627,
      "max_v": 491.503,
      "avg_amps": 1580.5967378248924,
      "lrc_factor": 6.0,
      "power_factor": 0.8219615478129787,
      "efficiency": 0.92
    }
  ],
  "voltage_center": 473.0110839232906,
  "delta_v_primary": 0.04238450572790953
}