{
  "nominal_voltage": 477.3303442584326,
  "transformer_name": "Rendering-3",
  "transformer_capacity": 2500.0,
  "voltage_avg": 477.4369149983876,
  "min_voltage": 460.929,
  "max_voltage": 494.749,
  "voltage_std": 0.0,
  "voltage_spread": 33.82000000000005,
  "power_factor": 0.85,
  "vhi_avg": 1.0002232641214557,
  "vhi_max": 1.036491825736804,
  "vhi_high_events": 0,
  "voltage_dip_count": 0,
  "pct_below_nominal": 0.0,
  "estimated_running_amps": 899.6358460565476,
  "vhi_threshold": 5.0,
  "lrc_multiplier": 6.0,
  "data_resolution": "1minRES",
  "field_efficiency": 0.92,
  "time_period_hours": 744,
  "analysis_period": "",
  "file_name": "AN55050429-V-1minRES_40320CLP_260201-260228c.csv",
  "csv_file_path": "/Users/mdhowell/eeclips/FosterFarms/Livingston/aSITE2026/02_FEB2026/Rendering/AN55050429-V-1minRES_40320CLP_260201-260228c.csv",
  "drop_groups": [
    {
      "id": "G1",
      "group_id": "G1",
      "drop_count": 0,
      "voltage_range": "460.9-494.7V",
      "amp_range": "0.0-1079.6A",
      "delta_v": 0.10657073995497512,
      "est_stall_amps": 899.6358460565476,
      "estimated_hp": 0,
      "classification": "Normal",
      "risk": "Normal",
      "days": 31,
      "center_v": 477.4369149983876,
      "min_v": 460.929,
      "max_v": 494.749,
      "avg_amps": 899.6358460565476,
      "lrc_factor": 6.0,
      "power_factor": 0.85,
      "efficiency": 0.92
    }
  ],
  "voltage_center": 477.4369149983876,
  "delta_v_primary": 0.10657073995497512
}