{
  "nominal_voltage": 473.42896083829356,
  "transformer_name": "Rendering-1",
  "transformer_capacity": 2500.0,
  "voltage_avg": 473.4994220618147,
  "min_voltage": 455.334,
  "max_voltage": 490.866,
  "voltage_std": 0.0,
  "voltage_spread": 35.53199999999998,
  "power_factor": 0.85,
  "vhi_avg": 1.0001488316713798,
  "vhi_max": 1.038221068703218,
  "vhi_high_events": 0,
  "voltage_dip_count": 6,
  "pct_below_nominal": 0.0,
  "estimated_running_amps": 1711.7363333333333,
  "vhi_threshold": 5.0,
  "lrc_multiplier": 6.0,
  "data_resolution": "1minRES",
  "field_efficiency": 0.92,
  "time_period_hours": 744,
  "analysis_period": "",
  "file_name": "AN55050434-V-1minRES_40320CLP_260201-260228c.csv",
  "csv_file_path": "/Users/mdhowell/eeclips/FosterFarms/Livingston/aSITE2026/02_FEB2026/Rendering/AN55050434-V-1minRES_40320CLP_260201-260228c.csv",
  "drop_groups": [
    {
      "id": "G1",
      "group_id": "G1",
      "drop_count": 6,
      "voltage_range": "455.3-458.5V",
      "amp_range": "1577.8-1796.2A",
      "delta_v": 22.5,
      "est_stall_amps": 405.0,
      "estimated_hp": 270,
      "classification": "SIGNIFICANT",
      "risk": "SIGNIFICANT",
      "days": 6,
      "center_v": 456.90549999999996,
      "min_v": 455.334,
      "max_v": 458.477,
      "avg_amps": 1711.7363333333333,
      "lrc_factor": 6.0,
      "power_factor": 0.85,
      "efficiency": 0.92
    }
  ],
  "voltage_center": 456.90549999999996,
  "delta_v_primary": 22.5
}