{
  "nominal_voltage": 467.37432404068426,
  "transformer_name": "T12.Main",
  "transformer_capacity": 2500.0,
  "voltage_avg": 468.6743917014371,
  "min_voltage": 444.807,
  "max_voltage": 495.212,
  "voltage_std": 11.180282421156942,
  "voltage_spread": 50.40499999999997,
  "power_factor": 0.8290217895224847,
  "vhi_avg": 1.002781641168289,
  "vhi_max": 1.0595618426760056,
  "vhi_high_events": 0,
  "voltage_dip_count": 39491,
  "pct_below_nominal": 77.99026425591099,
  "estimated_running_amps": 1747.9470330708261,
  "vhi_threshold": 5.0,
  "lrc_multiplier": 6.0,
  "data_resolution": "1minRES",
  "field_efficiency": 0.92,
  "time_period_hours": 744,
  "analysis_period": "",
  "file_name": "AN54021613-V-1minRES_44685CLP_251101-251130zth.csv",
  "csv_file_path": "/Users/mdhowell/eeclips/CherryAve/SITE2025/11_NOV2025/AN54021613-V-1minRES_44685CLP_251101-251130zth.csv",
  "drop_groups": [
    {
      "id": "G1",
      "group_id": "G1",
      "drop_count": 39491,
      "voltage_range": "444.8-467.6V",
      "amp_range": "863.4-2543.5A",
      "delta_v": 25.4,
      "est_stall_amps": 345.0,
      "estimated_hp": 230,
      "classification": "SIGNIFICANT",
      "risk": "SIGNIFICANT",
      "days": 26,
      "center_v": 456.18399999999997,
      "min_v": 444.807,
      "max_v": 467.561,
      "avg_amps": 1747.9470330708261,
      "lrc_factor": 6.0,
      "power_factor": 0.8290217895224847,
      "efficiency": 0.92
    }
  ],
  "voltage_center": 456.18399999999997,
  "delta_v_primary": 25.4
}